{
  "generator-jhipster": {
    "promptValues": {
      "packageName": "dev.appkr.uaa"
    },
    "jhipsterVersion": "6.10.3",
    "applicationType": "uaa",
    "baseName": "uaa",
    "packageName": "dev.appkr.uaa",
    "packageFolder": "dev/appkr/uaa",
    "serverPort": "9999",
    "authenticationType": "uaa",
    "cacheProvider": "caffeine",
    "enableHibernateCache": false,
    "websocket": false,
    "databaseType": "sql",
    "devDatabaseType": "mysql",
    "prodDatabaseType": "mysql",
    "searchEngine": false,
    "messageBroker": false,
    "serviceDiscoveryType": false,
    "buildTool": "gradle",
    "enableSwaggerCodegen": true,
    "embeddableLaunchScript": false,
    "creationTimestamp": 1601275639408,
    "testFrameworks": [],
    "jhiPrefix": "jhi",
    "entitySuffix": "",
    "dtoSuffix": "DTO",
    "otherModules": [],
    "enableTranslation": false,
    "clientPackageManager": "npm",
    "blueprints": [],
    "skipClient": true
  }
}
